10600;default
10600;default
10600;default
10600;default
10600;default
10600;default
10600;default
10600;default
10600;default
10600;default
10600;default
10600;default
10600;default
10600;default
10600;default
10600;default
10600;default
10600;default
10600;default
10600;default
10600;default
10600;default
10600;default
10600;default
10600;default
10600;default
10600;default
10600;default
10600;default
10600;default
10600;default
10600;default
10600;default
10600;default
10600;default
10600;default
10600;default
10600;default
10600;default
10600;default
10600;default
10600;default
10600;default
10600;default
10600;default
10600;default
10600;default
10600;default
10600;default
10600;default
10600;default
10600;default
10600;default
10600;default
10600;default
10600;default
10600;default
10600;default
10600;default
10600;default
10600;default
10600;default
10600;default
10600;default
10600;default
10600;default
10600;default
10600;default
10600;default
10600;default
10600;default
10600;default
10600;default
10600;default
34580;default
34580;default
34580;default
34580;default
34580;default
34580;default
34580;default
34580;default
34580;default
34580;default
34580;default
34580;default
34580;default
34580;default
34580;default
34580;default
34580;default
34580;default
34580;default
34580;default
34580;default
34580;default
34580;default
34580;default
34580;default
34580;default
34580;default
34580;default
34580;default
34580;default
34580;default
34580;default
34580;default
34580;default
34580;default
34580;default
34580;default
34580;default
34580;default
4740;default
6090;default
